"Source","ID","Description","GeneRatio","BgRatio","pvalue","p.adjust","qvalue","geneID","Count"
"GO","GO:0009535","chloroplast thylakoid membrane","61/1256","422/24378",2.98565131256736e-13,2.32880802380254e-10,2.14024057248249e-10,"Solyc00g500064/Solyc09g082690/Solyc09g065910/Solyc04g053130/Solyc08g067330/Solyc04g079730/Solyc04g050930/Solyc04g082010/Solyc01g006330/Solyc12g010340/Solyc07g043570/Solyc07g054210/Solyc11g010480/Solyc03g095990/Solyc04g010190/Solyc09g007850/Solyc04g009420/Solyc02g062130/Solyc10g007120/Solyc07g042440/Solyc07g021380/Solyc00g500068/Solyc00g500021/Solyc10g045220/Solyc07g009000/Solyc00g500203/Solyc00g500136/Solyc00g500054/Solyc00g500206/Solyc00g500067/Solyc00g500020/Solyc00g500323/Solyc00g500062/Solyc04g160350/Solyc01g017090/Solyc00g160340/Solyc00g277510/Solyc00g500296/Solyc00g500200/Solyc00g500329/Solyc00g500130/Solyc00g500335/Solyc00g500085/Solyc00g230070/Solyc00g500158/Solyc00g500195/Solyc00g160420/Solyc00g500210/Solyc00g500087/Solyc00g500057/Solyc00g500209/Solyc00g500028/Solyc00g500139/Solyc00g500073/Solyc00g500058/Solyc00g500071/Solyc00g500024/Solyc00g500193/Solyc00g160280/Solyc00g500041/Solyc00g500192",61
"GO","GO:0045156","obsolete electron transporter, transferring electrons within the cyclic electron transport pathway of photosynthesis activity","18/1256","47/24378",6.37837294322316e-12,2.48756544785703e-09,2.28614314438683e-09,"Solyc05g007780/Solyc00g500328/Solyc07g009000/Solyc00g500078/Solyc00g500136/Solyc00g500054/Solyc00g500206/Solyc00g277510/Solyc00g500296/Solyc00g500200/Solyc00g500329/Solyc00g500130/Solyc00g230070/Solyc00g500158/Solyc00g500028/Solyc00g500073/Solyc00g500071/Solyc00g500024",18
"KEGG","sly00195","Photosynthesis","17/322","83/11919",5.79078791729863e-11,3.51810825225702e-09,2.49129196810545e-09,"3950466/3950399/3950388/3950401/3950408/3950405/3950484/3950387/3950400/3950425/3950464/101251845/544053/101245163/3950472/101245583/778301",17
"KEGG","sly00190","Oxidative phosphorylation","23/322","162/11919",6.39656045864913e-11,3.51810825225702e-09,2.49129196810545e-09,"3950410/3950452/3950396/3950387/3950453/3950404/34678311/34678269/34678316/34678313/3950425/34678297/34678309/34678274/3950464/34678293/34678261/100736507/3950472/101255513/101268533/101264887/101263000",23
"KEGG","sly00941","Flavonoid biosynthesis","11/322","37/11919",2.1551124373129e-09,7.90207893681397e-08,5.59573053898788e-08,"100736482/544150/101265690/101249265/101266223/778295/101262919/101251607/778294/101262367/101249699",11
"GO","GO:0018298","obsolete protein-chromophore linkage","26/1256","125/24378",9.20638412848098e-10,2.27526033360945e-07,2.09102872764917e-07,"Solyc08g074270/Solyc08g067330/Solyc05g007020/Solyc11g072710/Solyc10g079040/Solyc00g500328/Solyc07g009000/Solyc00g500078/Solyc00g500136/Solyc00g500054/Solyc00g500206/Solyc00g277510/Solyc00g500296/Solyc00g500200/Solyc00g500329/Solyc00g500130/Solyc00g230070/Solyc00g500057/Solyc00g500209/Solyc00g500139/Solyc00g500073/Solyc00g500207/Solyc00g500137/Solyc00g500055/Solyc00g500071/Solyc00g500024",26
"GO","GO:0009772","photosynthetic electron transport in photosystem II","15/1256","42/24378",1.16680017108177e-09,2.27526033360945e-07,2.09102872764917e-07,"Solyc00g500328/Solyc07g009000/Solyc00g500078/Solyc00g500136/Solyc00g500054/Solyc00g500206/Solyc00g277510/Solyc00g500296/Solyc00g500200/Solyc00g500329/Solyc00g500130/Solyc00g230070/Solyc00g500073/Solyc00g500071/Solyc00g500024",15
"GO","GO:0016168","chlorophyll binding","23/1256","109/24378",6.34480401344225e-09,9.89789426096991e-07,9.09644533295615e-07,"Solyc08g067330/Solyc10g079040/Solyc00g500328/Solyc07g009000/Solyc00g500078/Solyc00g500136/Solyc00g500054/Solyc00g500206/Solyc00g277510/Solyc00g500296/Solyc00g500200/Solyc00g500329/Solyc00g500130/Solyc00g230070/Solyc00g500057/Solyc00g500209/Solyc00g500139/Solyc00g500073/Solyc00g500207/Solyc00g500137/Solyc00g500055/Solyc00g500071/Solyc00g500024",23
"KEGG","sly00906","Carotenoid biosynthesis","10/322","39/11919",5.71170277080583e-08,1.5707182619716e-06,1.11227896063061e-06,"543651/543696/101254591/544163/101249565/101254620/101267662/543652/101256252/544129",10
"GO","GO:0015990","electron transport coupled proton transport","15/1256","52/24378",3.25767546419273e-08,4.23497810345056e-06,3.89206489669343e-06,"Solyc00g500169/Solyc00g500349/Solyc00g500062/Solyc04g160350/Solyc01g017090/Solyc00g160340/Solyc00g500195/Solyc00g160420/Solyc00g500186/Solyc00g500098/Solyc00g500317/Solyc00g500271/Solyc00g160280/Solyc00g500250/Solyc00g013180",15
"KEGG","sly04075","Plant hormone signal transduction","31/322","437/11919",8.69131817214207e-07,1.91208999787126e-05,1.35401588366003e-05,"101267355/544083/100191111/101249685/101256828/101268450/101256856/100316895/101262607/101260711/101055548/543723/101265927/606712/101253192/101255303/101055542/101262132/101268587/101258277/101255313/544165/101268417/100736493/101250847/100736541/101246001/101265384/100527977/100134911/101055544",31
"GO","GO:0005506","iron ion binding","50/1256","447/24378",2.36867397865989e-07,2.63937957622102e-05,2.42566463077802e-05,"Solyc10g005400/Solyc06g065730/Solyc04g079730/Solyc10g078240/Solyc08g005610/Solyc03g111940/Solyc06g073570/Solyc02g092860/Solyc12g088460/Solyc05g044630/Solyc01g088760/Solyc02g080330/Solyc06g150137/Solyc01g088170/Solyc02g067540/Solyc02g065190/Solyc04g080650/Solyc05g055400/Solyc09g059240/Solyc09g008913/Solyc02g082070/Solyc06g061023/Solyc11g071580/Solyc12g008650/Solyc04g054256/Solyc04g063245/Solyc09g098030/Solyc11g071600/Solyc08g079420/Solyc05g011940/Solyc01g109140/Solyc01g008650/Solyc11g071610/Solyc04g054258/Solyc04g011680/Solyc03g112040/Solyc00g500068/Solyc00g500021/Solyc10g045220/Solyc00g500136/Solyc00g500054/Solyc00g500206/Solyc00g500067/Solyc00g500020/Solyc00g500062/Solyc00g277510/Solyc00g500296/Solyc00g500200/Solyc00g500329/Solyc00g500130",50
"GO","GO:0009523","photosystem II","18/1256","86/24378",3.14485859109338e-07,3.06623712631605e-05,2.81795881649288e-05,"Solyc09g065910/Solyc08g067330/Solyc09g076030/Solyc00g500328/Solyc07g009000/Solyc00g500078/Solyc00g500136/Solyc00g500054/Solyc00g500206/Solyc00g277510/Solyc00g500296/Solyc00g500200/Solyc00g500329/Solyc00g500130/Solyc00g230070/Solyc00g500073/Solyc00g500071/Solyc00g500024",18
"KEGG","sly04626","Plant-pathogen interaction","21/322","237/11919",1.77473325333958e-06,3.25367763112256e-05,2.30403966223033e-05,"544083/100191111/101248746/100736484/101256237/101268746/101245244/101259138/101255395/101252395/101255501/101259256/544043/101256986/101268787/101268230/101256817/101259700/543942/101260109/543902",21
"GO","GO:0010242","oxygen evolving activity","9/1256","22/24378",6.72013631978009e-07,5.82411814380941e-05,5.35252963014064e-05,"Solyc07g009000/Solyc00g500136/Solyc00g500054/Solyc00g500206/Solyc00g277510/Solyc00g500296/Solyc00g500200/Solyc00g500329/Solyc00g500130",9
"KEGG","sly00130","Ubiquinone and other terpenoid-quinone biosynthesis","9/322","50/11919",6.47295328218392e-06,0.000101717837291462,7.20298560724226e-05,"101264681/101259906/101263978/101251363/101245351/101262919/101257784/778248/101264863",9
"KEGG","sly00902","Monoterpenoid biosynthesis","5/322","16/11919",4.76844949695628e-05,0.000655661805831488,0.000464296398387848,"101260280/109118691/101251042/101265396/101259903",5
"GO","GO:0010287","plastoglobule","11/1256","44/24378",1.03474310185778e-05,0.000807099619449066,0.000741747423542259,"Solyc08g067330/Solyc03g116570/Solyc07g043570/Solyc03g043750/Solyc07g007300/Solyc03g095620/Solyc00g277510/Solyc00g500296/Solyc00g500200/Solyc00g500329/Solyc00g500130",11
"GO","GO:0042546","cell wall biogenesis","10/1256","37/24378",1.23562127703232e-05,0.000876167814622921,0.000805223052305276,"Solyc03g093120/Solyc07g056000/Solyc09g008320/Solyc12g017240/Solyc03g093130/Solyc04g082950/Solyc12g011030/Solyc05g005680/Solyc05g046290/Solyc11g040140",10
"GO","GO:0008137","NADH dehydrogenase (ubiquinone) activity","20/1256","132/24378",1.40685849653174e-05,0.000914458022745633,0.000840412838717646,"Solyc00g500169/Solyc00g500361/Solyc00g500183/Solyc00g500062/Solyc04g160350/Solyc01g017090/Solyc00g160340/Solyc00g500184/Solyc00g500195/Solyc00g160420/Solyc00g500087/Solyc00g125990/Solyc00g021630/Solyc00g500098/Solyc00g500317/Solyc00g500271/Solyc00g160280/Solyc00g013180/Solyc00g019950/Solyc00g500192",20
"GO","GO:0022900","electron transport chain","24/1256","178/24378",1.56873917787821e-05,0.000941243506726925,0.000865029457599239,"Solyc04g078140/Solyc10g044520/Solyc04g082010/Solyc04g074740/Solyc07g150104/Solyc03g117560/Solyc12g098320/Solyc08g066740/Solyc10g045220/Solyc00g500361/Solyc00g500067/Solyc00g500020/Solyc00g500062/Solyc00g500102/Solyc00g500360/Solyc00g500119/Solyc00g500276/Solyc00g500087/Solyc00g500057/Solyc00g500209/Solyc00g500139/Solyc00g021630/Solyc00g019950/Solyc00g500192",24
"GO","GO:0015979","photosynthesis","19/1256","124/24378",1.94486082168893e-05,0.00108356531494098,0.000995827232759523,"Solyc07g062530/Solyc03g081300/Solyc07g054210/Solyc04g009420/Solyc04g079290/Solyc02g062130/Solyc10g045220/Solyc00g500067/Solyc00g500020/Solyc00g500066/Solyc00g500210/Solyc00g500057/Solyc00g500209/Solyc00g500139/Solyc00g500058/Solyc00g500207/Solyc00g500137/Solyc00g500055/Solyc07g021200",19
"KEGG","sly00460","Cyanoamino acid metabolism","7/322","41/11919",0.000100360920480533,0.00122663347253985,0.000868620832229175,"101250040/101257526/101255272/101261903/101245862/101266793/101259725",7
"GO","GO:0009055","electron transfer activity","19/1256","128/24378",3.0685398950905e-05,0.00159564074544706,0.00146643906565378,"Solyc04g078140/Solyc10g044520/Solyc04g082010/Solyc02g093680/Solyc04g074740/Solyc07g150104/Solyc03g117560/Solyc06g053170/Solyc12g098320/Solyc11g042420/Solyc08g066740/Solyc00g500068/Solyc00g500021/Solyc10g045220/Solyc00g500067/Solyc00g500020/Solyc00g500057/Solyc00g500209/Solyc00g500139",19
"GO","GO:0016762","xyloglucan:xyloglucosyl transferase activity","9/1256","35/24378",5.19789077702491e-05,0.00253397175379964,0.00232879185470655,"Solyc03g093120/Solyc07g056000/Solyc09g008320/Solyc12g017240/Solyc03g093130/Solyc12g011030/Solyc05g005680/Solyc05g046290/Solyc11g040140",9
"GO","GO:0004129","cytochrome-c oxidase activity","9/1256","36/24378",6.61547454152149e-05,0.00303533537787456,0.00278955923391711,"Solyc00g500349/Solyc00g500102/Solyc00g500360/Solyc00g500119/Solyc00g500276/Solyc00g500186/Solyc00g500303/Solyc00g500250/Solyc00g019730",9
"GO","GO:0016682","oxidoreductase activity, acting on diphenols and related substances as donors, oxygen as acceptor","5/1256","10/24378",7.30118140284587e-05,0.00316384527456654,0.00290766347095792,"Solyc00g277510/Solyc00g500296/Solyc00g500200/Solyc00g500329/Solyc00g500130",5
"GO","GO:0010411","xyloglucan metabolic process","9/1256","41/24378",0.00019517186961265,0.00782779709420721,0.0071939673699799,"Solyc03g093120/Solyc07g056000/Solyc09g008320/Solyc12g017240/Solyc03g093130/Solyc12g011030/Solyc05g005680/Solyc05g046290/Solyc11g040140",9
"GO","GO:0009635","response to herbicide","7/1256","25/24378",0.000200712746005313,0.00782779709420721,0.0071939673699799,"Solyc00g500328/Solyc00g500078/Solyc00g277510/Solyc00g500296/Solyc00g500200/Solyc00g500329/Solyc00g500130",7
"KEGG","sly04016","MAPK signaling pathway - plant","14/322","193/11919",0.000755921975121683,0.00831514172633852,0.0058882343325268,"544083/100191111/101268450/101256856/100316895/101252395/606712/101255501/101265257/778264/544165/101268417/101268787/101266770",14
"GO","GO:0009570","chloroplast stroma","33/1256","334/24378",0.000278388466018858,0.00995040980285388,0.00914470860424223,"Solyc01g087270/Solyc03g122340/Solyc10g006400/Solyc11g066890/Solyc05g026490/Solyc06g054670/Solyc01g100930/Solyc12g010340/Solyc05g044630/Solyc07g056570/Solyc02g072160/Solyc05g010670/Solyc08g066140/Solyc08g066120/Solyc07g062060/Solyc02g094420/Solyc02g066920/Solyc07g008530/Solyc03g058190/Solyc02g062130/Solyc09g090410/Solyc01g067530/Solyc10g079840/Solyc11g067160/Solyc12g007010/Solyc00g500023/Solyc00g500046/Solyc00g500081/Solyc00g500327/Solyc00g500037/Solyc00g500128/Solyc00g500198/Solyc00g500065",33
"GO","GO:0006123","mitochondrial electron transport, cytochrome c to oxygen","6/1256","19/24378",0.000280652584183058,0.00995040980285388,0.00914470860424223,"Solyc11g042420/Solyc00g500349/Solyc00g500186/Solyc00g500303/Solyc00g500250/Solyc00g019730",6
"KEGG","sly00940","Phenylpropanoid biosynthesis","13/322","181/11919",0.0012665053716207,0.012665053716207,0.0089685547846825,"101244141/101257228/101265690/101251363/101244376/101263035/101262919/101264739/101250232/101251503/101262367/101243656/112940337",13
"GO","GO:0009767","photosynthetic electron transport chain","6/1256","20/24378",0.000383529735532318,0.0130066605963134,0.0119534896978265,"Solyc05g007780/Solyc10g079040/Solyc00g500068/Solyc00g500021/Solyc00g500158/Solyc00g500028",6
"KEGG","sly01240","Biosynthesis of cofactors","16/322","255/11919",0.00154229714526435,0.013255528927525,0.00938669034102248,"101267634/100316902/101264681/101259906/101244545/101263978/101245351/101251085/101250511/101257784/101257095/778248/101268533/101251855/101253875/101259725",16
"KEGG","sly04712","Circadian rhythm - plant","6/322","47/11919",0.00156656250961659,0.013255528927525,0.00938669034102248,"101267355/101250283/778295/778294/101259391/101249698",6
"GO","GO:0009575","chromoplast stroma","7/1256","28/24378",0.000431699787153908,0.014030243082502,0.0128941910110443,"Solyc00g500046/Solyc00g500081/Solyc00g500327/Solyc00g500037/Solyc00g500128/Solyc00g500198/Solyc00g500065",7
"KEGG","sly00400","Phenylalanine, tyrosine and tryptophan biosynthesis","6/322","49/11919",0.00195018837231007,0.0153229086395791,0.0108506721466876,"101263817/101259263/101259361/101256529/101264863/101247693",6
"KEGG","sly00053","Ascorbate and aldarate metabolism","7/322","67/11919",0.0021330550207188,0.0156424034852712,0.0110769173005748,"101267634/100316902/778223/101257095/101254427/100316875/101251855",7
"KEGG","sly00860","Porphyrin metabolism","6/322","52/11919",0.00265368919617125,0.0182441132236773,0.0129192763497811,"778324/101247061/101250511/543647/778212/101268533",6
"KEGG","sly00480","Glutathione metabolism","9/322","112/11919",0.00329152421902467,0.0205820292673436,0.0145748341223294,"101257702/101265881/101255673/778223/101248896/544197/101264963/101265897/101266488",9
"KEGG","sly00100","Steroid biosynthesis","5/322","38/11919",0.00336796842556532,0.0205820292673436,0.0145748341223294,"101252433/112940012/101244831/101256596/101252241",5
"GO","GO:0009835","fruit ripening","6/1256","22/24378",0.000675690790135865,0.0210190289287501,0.0193170832665032,"Solyc02g063540/Solyc08g005610/Solyc07g049530/Solyc07g056570/Solyc03g093610/Solyc12g005940",6
"GO","GO:0008033","tRNA processing","5/1256","15/24378",0.000700634297625005,0.0210190289287501,0.0193170832665032,"Solyc00g500131/Solyc00g500330/Solyc00g500295/Solyc00g500201/Solyc00g500048",5
"GO","GO:0019843","rRNA binding","16/1256","131/24378",0.00116734863484887,0.0337234050067452,0.0309927649252274,"Solyc04g077130/Solyc05g023730/Solyc00g500328/Solyc00g500047/Solyc00g500078/Solyc00g021640/Solyc00g500351/Solyc00g500207/Solyc00g500137/Solyc00g500055/Solyc00g500245/Solyc00g180440/Solyc00g500076/Solyc00g500031/Solyc00g500034/Solyc09g050066",16
"GO","GO:0098869","cellular oxidant detoxification","21/1256","197/24378",0.00131870673769328,0.0344364627094811,0.0316480851621547,"Solyc09g007190/Solyc08g080940/Solyc03g096770/Solyc01g007950/Solyc06g005160/Solyc04g064930/Solyc08g006720/Solyc07g042440/Solyc05g046020/Solyc06g076630/Solyc02g084790/Solyc05g025680/Solyc01g067440/Solyc02g092580/Solyc01g067860/Solyc09g007520/Solyc07g017880/Solyc11g018805/Solyc07g052530/Solyc11g072800/Solyc01g067870",21
"GO","GO:0009543","chloroplast thylakoid lumen","5/1256","17/24378",0.00132447933498004,0.0344364627094811,0.0316480851621547,"Solyc03g019660/Solyc09g076030/Solyc07g042440/Solyc08g074690/Solyc08g074680",5
"GO","GO:0009740","gibberellic acid mediated signaling pathway","5/1256","17/24378",0.00132447933498004,0.0344364627094811,0.0316480851621547,"Solyc05g009170/Solyc05g009180/Solyc01g107370/Solyc03g113890/Solyc01g150176",5
"GO","GO:0042773","ATP synthesis coupled electron transport","12/1256","87/24378",0.00164821063004027,0.0414711061752068,0.0381131218695221,"Solyc00g500169/Solyc04g160350/Solyc01g017090/Solyc00g160340/Solyc00g500195/Solyc00g160420/Solyc00g125990/Solyc00g500098/Solyc00g500317/Solyc00g500271/Solyc00g160280/Solyc00g013180",12
"GO","GO:0048046","apoplast","20/1256","190/24378",0.00197260349594315,0.0480822102136142,0.0441889138400422,"Solyc07g062530/Solyc03g093120/Solyc10g054910/Solyc07g056000/Solyc07g041720/Solyc09g008320/Solyc12g017240/Solyc02g084720/Solyc03g093130/Solyc10g055200/Solyc04g078930/Solyc12g011030/Solyc08g081790/Solyc04g008080/Solyc05g054795/Solyc01g006055/Solyc05g005680/Solyc05g046290/Solyc11g040140/Solyc10g055470",20
"KEGG","sly00240","Pyrimidine metabolism","6/322","66/11919",0.00865284865436307,0.0493884553129787,0.0349736429967504,"101250072/101244545/101268182/101255503/101259795/101258022",6
"KEGG","sly00500","Starch and sucrose metabolism","10/322","154/11919",0.0089797191478143,0.0493884553129787,0.0349736429967504,"101250040/101245982/101257526/101255272/101254788/101245862/101253815/543713/100736451/543961",10
